FastWAM-Joint-rtc	FastWAM-Joint-asycn	StreamingWAM
0	0	0
0.0103265377904	0.00587089090215	0.000385884854199
0.0227976596186	0.0156875532446	0.00193759006155
0.0385768102773	0.0324368892832	0.00511470253689
0.0603894424085	0.0511148766188	0.0122399276651
0.0843078369813	0.0671295772645	0.0256077967607
0.111997516505	0.0850440246888	0.0439282659301
0.137321690593	0.109228464801	0.0648005012076
0.169046231821	0.137065127161	0.0896909732872
0.198620330031	0.163605874449	0.115289411606
0.231637743228	0.190560871555	0.142921052147
0.256476398588	0.220473892915	0.169017539817
0.280472063049	0.2527236914	0.197753522993
0.303284685969	0.277244697721	0.221788526069
0.322177304475	0.301390245622	0.245838951717
0.335675725129	0.323829645756	0.270107055645
0.347759309477	0.345079798934	0.291435626752
0.360738838966	0.363753739296	0.314149502521
0.375821892365	0.38660360399	0.336175407986
0.391555048274	0.409496464443	0.354011186913
0.409721044209	0.431628633943	0.374891119804
0.427067448498	0.450305071095	0.393691349811
0.443976231986	0.477285988988	0.411628853961
0.458230779289	0.500006753489	0.428105140358
0.470687679048	0.526267259169	0.443121015101
0.481042390232	0.54660862581	0.453793034997
0.491103915711	0.567190754951	0.464180719794
0.501434078559	0.586978032215	0.473105741918
0.509779508149	0.60795506713	0.480350051779
0.517197729214	0.624899611421	0.490672506986
0.525690323198	0.642117820789	0.500676519229
0.531075947288	0.656182381021	0.510212038756
0.537294351812	0.670229163766	0.519427631075
0.542971155454	0.686425614734	0.529643390437
0.55093512118	0.701619973234	0.537302430106
0.558031895246	0.715864879753	0.543619038078
0.565781407101	0.7247806026	0.549115147814
0.573306620387	0.734003971667	0.55370990053
0.583697489293	0.742658428916	0.559751341727
0.589521724658	0.752173824552	0.566169487371
0.595801833863	0.755847985643	0.573709860529
0.600515809237	0.757956729736	0.581687351823
0.605525428381	0.758794296797	0.589528570793
0.608276214192	0.7635594844	0.595989465528
0.609354868059	0.764736200345	0.601414547833
0.608685210371	0.764830802637	0.605665835974
0.608440175214	0.762186613154	0.60786834849
0.608054358467	0.763746019561	0.609072043032
0.605609665408	0.762818413518	0.611106145848
0.60212164165	0.758686633159	0.612566794456
0.598982513549	0.751243704563	0.613364578125
0.593615691305	0.744063890616	0.613666115651
0.58349138014	0.733484442659	0.613730794287
0.570125324809	0.723189277679	0.612645882107
0.549714632039	0.709288174803	0.609459848918
0.530662949429	0.697077041399	0.604423053653
0.504319754467	0.680706728863	0.596381107211
0.478150459412	0.659805772326	0.584535062452
0.452127805881	0.638377891275	0.56773898326
0.431557651775	0.615023177089	0.546590055016
0.412446685258	0.588615409978	0.519668794835
0.396496420652	0.56062632992	0.491252743025
0.385290924431	0.536633520234	0.45912424167
0.375953741392	0.509198799649	0.430167052777
0.365261570469	0.488066704255	0.402569080622
0.357223680901	0.466545118707	0.378030445224
0.352688708591	0.450058863047	0.354067552394
0.352203946836	0.434235196122	0.333747663485
0.35194061095	0.42596237774	0.315722609091
0.350392978283	0.421033744518	0.302738552123
0.352384217276	0.417218516996	0.296176804997
0.356822688739	0.412469743659	0.291799104345
0.361571082458	0.415596705112	0.290108278426
0.367380978732	0.420628985644	0.290227027297
0.374387337394	0.425817044737	0.291213892331
0.379580679961	0.429950523819	0.294016689881
0.385232201096	0.433873775058	0.297218158221
0.391003378106	0.439050078619	0.301463247285
0.396585137703	0.442989897556	0.307564056225
0.39903462483	0.446893005765	0.312212165935
0.399696109587	0.449958785898	0.318463269449
0.401946882885	0.452822381182	0.325020081846
0.404152049246	0.454538243078	0.330972993061
0.403978295822	0.455846845824	0.337051997645
0.404154286517	0.453824617464	0.343691412393
0.405900567359	0.451523675503	0.347897768051
0.408501977394	0.449436514736	0.351421514722
0.409613279156	0.44785735146	0.353534851557
0.409202907209	0.443394545453	0.354103085765
0.409077559525	0.437995241007	0.354263278065
0.408890795339	0.429880670612	0.35519088736
0.407173100914	0.42511884526	0.357407521225
0.400898010425	0.434982660635	0.360262349346
0.391488269637	0.435477675031	0.361084737782
0.380780123218	0.429389414579	0.360663368297
0.373351491549	0.424773024888	0.359715259899
0.366772898922	0.421700272929	0.359075440707
0.360837172762	0.420169308025	0.358668814338
0.37029841571	0.416599144401	0.35752761365
0.381341888186	0.412800802105	0.354413902684
0.392374749011	0.406480375774	0.34910793826
0.401153034252	0.398860570318	0.340797781202
0.409660109412	0.393550662953	0.329376531194
0.416694684595	0.392604051645	0.318321365296
0.425059755609	0.398411354877	0.307850269723
0.432110690898	0.396402835275	0.300220591035
0.438308700543	0.393203781824	0.296697318876
0.431992932467	0.392130567821	0.295271668536
0.422493944028	0.389317033953	0.301571420772
0.414877712504	0.386623220234	0.311812603629
0.410984478032	0.382102260126	0.32299667545
0.406939236299	0.383714051728	0.333523431914
0.399280128975	0.39416575751	0.343798164477
0.392073062649	0.400056101246	0.35635823951
0.382479971886	0.403474903733	0.368969042182
0.372471162828	0.408545809737	0.380105873379
0.362825693739	0.41457391908	0.388853470627
0.354510002541	0.419889847134	0.393347005715
0.349119935977	0.424670490641	0.397774484838
0.352772129152	0.42627105192	0.399954135734
0.35600994238	0.425584497835	0.400543675801
0.359185407681	0.426365429918	0.397626110376
0.363127524838	0.427069442263	0.389672239113
0.36479361171	0.428722571218	0.382260453693
0.363698888514	0.42899046205	0.374187242383
0.363388285493	0.427783884449	0.363321522001
0.363375624674	0.425194962397	0.348036774233
0.36295479986	0.425356068863	0.333853359263
0.361575220232	0.429029983806	0.318454455638
0.358482723308	0.429928739104	0.307336844656
0.352840811412	0.428195687749	0.299727818154
0.350203310555	0.427274677815	0.298269814407
0.3495319999	0.426221137409	0.301225410479
0.349600825211	0.425770595858	0.309129483931
0.356882350455	0.424302956605	0.321602877453
0.366852722709	0.425141508844	0.334901209164
0.380779921463	0.425697102298	0.349408865515
0.392983453462	0.427723480144	0.364509356469
0.40523472487	0.42929847669	0.381174016384
0.413794887691	0.432587527217	0.394662876208
0.424001748283	0.436196995824	0.410367570927
0.435952229556	0.440466226233	0.424802263937
0.449559388496	0.443525694395	0.436287317654
0.455961005827	0.448383532248	0.447591449745
0.453797285175	0.44749293901	0.458549760445
0.466004024934	0.446630769474	0.466512237322
0.481708840805	0.445126126193	0.476031469162
0.48988038667	0.44775718705	0.483811898838
0.49862520895	0.448484358047	0.489740941966
0.507321789357	0.448612397351	0.498508469513
0.518707602504	0.448093783869	0.509685411997
0.525942117735	0.449150838967	0.519770747581
0.53417148842	0.450680470408	0.528932129405
0.541531554794	0.448232396684	0.538412724843
0.547905745687	0.4453482553	0.54628399046
0.543848852979	0.442724350932	0.553888277744
0.541077989286	0.437416512817	0.563054025028
0.540383182376	0.431178230239	0.571131498209
0.539645018408	0.424819986246	0.578022429923
0.53545207251	0.419921363722	0.584087254434
0.528360740769	0.437382208938	0.589364945639
0.521855103215	0.443052889997	0.593742226411
0.512855281765	0.44333874841	0.597713621639
0.504115631789	0.447588981271	0.600788590158
0.491811006049	0.434578637221	0.602391649364
0.475836416639	0.419493931005	0.602813919583
0.455601483461	0.412985992446	0.602263362773
0.437247680142	0.415389927278	0.601786968064
0.415136348708	0.418512435593	0.600910525408
0.391305457498	0.423013301018	0.598323552348
0.368385053142	0.431596139981	0.592451919712
0.351132122128	0.444796135748	0.582635992702
0.336362209899	0.461070568252	0.571032828621
0.325183594726	0.479524105602	0.555257689046
0.318102479102	0.50001816736	0.537856968959
0.315968458213	0.522733356268	0.523277161879
0.320827596379	0.544089753369	0.504187835469
0.328471498191	0.562658583721	0.483285025375
0.340331572719	0.579597498801	0.463022106617
0.350052888192	0.599469576729	0.441854974828
0.360343562818	0.616152290178	0.418207052152
0.36899637446	0.632217044146	0.39446839892
0.37898881977	0.647542685435	0.368710136411
0.386568293216	0.664346979403	0.345394390551
0.395975846991	0.678846483969	0.323167937337
0.406268241572	0.694783628901	0.302482761915
0.417398406622	0.708655196935	0.281198709618
0.425274875673	0.725191246552	0.264404492371
0.43517489638	0.739408561891	0.248309375312
0.44545830077	0.753576372217	0.232822444359
0.458920939446	0.764674242719	0.219023761366
0.468178589812	0.77751698796	0.207718720327
0.478930300554	0.787464121701	0.196028607206
0.489829976853	0.797463066772	0.185938544631
0.503018347845	0.807047612741	0.175932999727
0.511168112556	0.819777593988	0.16604523871
0.519634926838	0.829506006694	0.156868728693
0.528923417036	0.838395722509	0.147811957444
0.539336588998	0.845352913335	0.137856482362
0.546590174301	0.856975983189	0.130614962248
0.55403610247	0.861412891019	0.122275178497
0.563256807183	0.865128101234	0.114555384386
0.572489483614	0.867486088435	0.1105147529
0.578828525201	0.868564728111	0.109628398298
0.585088612416	0.867462428159	0.105693521529
0.59002090803	0.86764351511	0.106223074866
0.592378798374	0.865487770841	0.106399514152
0.59351543591	0.861277219274	0.105436578465
0.593249657316	0.850384161421	0.105373438694
0.593063420889	0.839257722017	0.105465656047
0.592509306232	0.823294517074	0.105639803872
0.59085502768	0.806786447394	0.105727480634
0.582994504536	0.783110997668	0.105771086625
0.571639384098	0.755459169572	0.105828852517
0.555574063951	0.726171012607	0.105851521156
0.539226399394	0.696633268301	0.105906870653
0.517022761457	0.663288114932	0.105917182683
0.491494735472	0.628513637264	0.105948328343
0.463938840809	0.595402173407	0.105991630625
0.441489739443	0.559852260511	0.106134715799
0.411750101406	0.520792221155	0.106283695286
0.379405626793	0.485292191908	0.106398409976
0.34640086563	0.451753588054	0.106493265601
0.321481140118	0.419594204497	0.106577673889
0.293802452518	0.389024358751	0.10663219522
0.263147124081	0.36038551434	0.106758856307
0.232328212342	0.33409123297	0.106780634583
0.206850046897	0.31232333637	0.106815662088
0.18238617236	0.290305213529	
0.160667460287	0.267813188909	
0.141629423638	0.246640902134	
0.128412694507	0.223055488173	
0.116525851295	0.201384847271	
0.105189835124	0.181316819723	
0.0973723510294	0.167695707152	
0.0947175133284	0.160035915435	
0.094139816414	0.153872142141	
0.094036704917	0.148620541884	
0.0940404044528	0.14700972534	
0.0927297564857	0.145202412985	
0.0931606229064	0.144185923572	
0.0928283526908	0.141174893869	
0.0926656057262	0.139009703485	
0.0926814255887	0.136664711098	
0.0927953431817		
0.0924375478841		
0.0921575471738		
0.0920959704378		
0.092317247165		
0.0920032479378		
0.091791424148		
0.0917338433363		
