method,arm,step,source_active_step,source_raw_step,absolute_translation_command,relative_translation_change,is_replan_boundary
FastWAM-Joint,joint_n1_k4,0,16,46,0.867558591082,0.163538913422,1
FastWAM-Joint,joint_n1_k4,1,17,47,0.841028292058,0.0742875690807,0
FastWAM-Joint,joint_n1_k4,2,18,48,0.759073151795,0.117201797374,0
FastWAM-Joint,joint_n1_k4,3,19,49,0.709542492612,0.111077274556,0
FastWAM-Joint,joint_n1_k4,4,20,50,0.622396991202,0.320784834476,1
FastWAM-Joint,joint_n1_k4,5,21,51,0.618224328783,0.0927895179885,0
FastWAM-Joint,joint_n1_k4,6,22,52,0.590636440781,0.122571296614,0
FastWAM-Joint,joint_n1_k4,7,23,53,0.613641032198,0.126236588276,0
FastWAM-Joint,joint_n1_k4,8,24,54,0.685139889234,0.160517771989,1
FastWAM-Joint,joint_n1_k4,9,25,55,0.676162597483,0.0488929234755,0
FastWAM-Joint,joint_n1_k4,10,26,56,0.66586531382,0.0746084507902,0
FastWAM-Joint,joint_n1_k4,11,27,57,0.707185404979,0.0738859526647,0
FastWAM-Joint,joint_n1_k4,12,28,58,0.732250133324,0.0361140411721,1
FastWAM-Joint,joint_n1_k4,13,29,59,0.712767229714,0.0545949105964,0
FastWAM-Joint,joint_n1_k4,14,30,60,0.697804765986,0.0878333792236,0
FastWAM-Joint,joint_n1_k4,15,31,61,0.710005412953,0.0639821953202,0
FastWAM-Joint,joint_n1_k4,16,32,62,0.73773321283,0.0559296542793,1
FastWAM-Joint,joint_n1_k4,17,33,63,0.701798079476,0.0545949143056,0
FastWAM-Joint,joint_n1_k4,18,34,64,0.654217105646,0.0850209074205,0
FastWAM-Joint,joint_n1_k4,19,35,65,0.642405371621,0.036985429565,0
FastWAM-Joint,joint_n1_k4,20,36,66,0.589827025724,0.0563774489477,1
FastWAM-Joint,joint_n1_k4,21,37,67,0.543625895432,0.0532267454887,0
FastWAM-Joint,joint_n1_k4,22,38,68,0.484188432904,0.0794981404594,0
FastWAM-Joint,joint_n1_k4,23,39,69,0.457294657971,0.0288354665813,0
FastWAM-Joint,joint_n1_k4,24,40,70,0.507397089092,0.0889523264974,1
FastWAM-Joint,joint_n1_k4,25,41,71,0.384974588365,0.127597060123,0
FastWAM-Joint,joint_n1_k4,26,42,72,0.300560787465,0.113643446893,0
FastWAM-Joint,joint_n1_k4,27,43,73,0.249480760371,0.0631116499533,0
FastWAM-Joint,joint_n1_k4,28,44,74,0.0763793412855,0.181856074033,1
FastWAM-Joint,joint_n1_k4,29,45,75,0.108264730391,0.168018588523,0
FastWAM-Joint,joint_n1_k4,30,46,76,0.265296065994,0.161488754205,0
FastWAM-Joint,joint_n1_k4,31,47,77,0.416547807715,0.152079506652,0
FastWAM-Joint,joint_n1_k4,32,48,78,0.663137571819,0.273465395754,1
FastWAM-Joint,joint_n1_k4,33,49,79,0.864963505086,0.201923078888,0
FastWAM-Joint,joint_n1_k4,34,50,80,1.00366012517,0.143349481392,0
FastWAM-Joint,joint_n1_k4,35,51,81,1.00862357807,0.0238037092181,0
FastWAM-Joint,joint_n1_k4,36,52,82,1.00776726377,0.0660450052937,1
FastWAM-Joint,joint_n1_k4,37,53,83,1.04135993205,0.0432144957692,0
FastWAM-Joint,joint_n1_k4,38,54,84,1.05664746288,0.0653111797212,0
FastWAM-Joint,joint_n1_k4,39,55,85,1.00202694638,0.0876280107163,0
FastWAM-Joint,joint_n1_k4,40,56,86,0.990903820174,0.0847888890339,1
FastWAM-Joint,joint_n1_k4,41,57,87,1.00288315374,0.0595092917864,0
FastWAM-Joint,joint_n1_k4,42,58,88,1.0284481124,0.0952324213605,0
FastWAM-Joint,joint_n1_k4,43,59,89,0.954638166874,0.135806992619,0
FastWAM-Joint,joint_n1_k4,44,60,90,0.841209653899,0.171572852277,1
FastWAM-Joint,joint_n1_k4,45,61,91,0.826574627012,0.0892533722483,0
FastWAM-Joint,joint_n1_k4,46,62,92,0.817932270017,0.103983880549,0
FastWAM-Joint,joint_n1_k4,47,63,93,0.778626740585,0.117601588611,0
FastWAM-Joint,joint_n1_k4,48,64,94,0.790500407058,0.0805872086334,1
FastWAM-Joint,joint_n1_k4,49,65,95,0.799061793175,0.0164794855648,0
FastWAM-Joint,joint_n1_k4,50,66,96,0.821237656644,0.0328060416269,0
FastWAM-Joint,joint_n1_k4,51,67,97,0.812963471244,0.0599792744174,0
FastWAM-Joint,joint_n1_k4,52,68,98,0.771358751426,0.076904296875,1
FastWAM-Joint,joint_n1_k4,53,69,99,0.790515251177,0.0222757416881,0
FastWAM-Joint,joint_n1_k4,54,70,100,0.801207199223,0.0281291890641,0
FastWAM-Joint,joint_n1_k4,55,71,101,0.79825577914,0.0560195014921,0
FastWAM-Joint,joint_n1_k4,56,72,102,0.824373214531,0.13274829574,1
FastWAM-Joint,joint_n1_k4,57,73,103,0.811683990603,0.0137023585941,0
FastWAM-Joint,joint_n1_k4,58,74,104,0.821702943426,0.0172741367557,0
FastWAM-Joint,joint_n1_k4,59,75,105,0.822638829788,0.0482023177489,0
FastWAM-Joint,joint_n1_k4,60,76,106,0.796371914303,0.105313496009,1
FastWAM-Joint,joint_n1_k4,61,77,107,0.786347862442,0.0132039231279,0
FastWAM-Joint,joint_n1_k4,62,78,108,0.804949990853,0.0274658189466,0
FastWAM-Joint,joint_n1_k4,63,79,109,0.810154219595,0.0382773630349,0
FastWAM-Joint,joint_n1_k4,64,80,110,0.821790666017,0.0866613148727,1
FastWAM-Joint,joint_n1_k4,65,81,111,0.80029443581,0.0274047146992,0
FastWAM-Joint,joint_n1_k4,66,82,112,0.816305908831,0.0373575510857,0
FastWAM-Joint,joint_n1_k4,67,83,113,0.807077668399,0.0465480566196,0
FastWAM-Joint,joint_n1_k4,68,84,114,0.825381226528,0.0892533447925,1
FastWAM-Joint,joint_n1_k4,69,85,115,0.802444903091,0.0343536294649,0
FastWAM-Joint,joint_n1_k4,70,86,116,0.802307533595,0.0319386514447,0
FastWAM-Joint,joint_n1_k4,71,87,117,0.796733896088,0.0744735144552,0
FastWAM-Joint,joint_n1_k4,72,88,118,0.803171577339,0.0597271909895,1
FastWAM-Joint,joint_n1_k4,73,89,119,0.76835377462,0.0574379408204,0
FastWAM-Joint,joint_n1_k4,74,90,120,0.738478164044,0.0656376220003,0
FastWAM-Joint,joint_n1_k4,75,91,121,0.714010323815,0.134977436444,0
FastWAM-Joint,joint_n1_k4,76,92,122,0.720431001918,0.169142228012,1
FastWAM-Joint,joint_n1_k4,77,93,123,0.668091569348,0.133101456591,0
FastWAM-Joint,joint_n1_k4,78,94,124,0.656049270766,0.155585794388,0
FastWAM-Joint,joint_n1_k4,79,95,125,0.731065575851,0.169765481241,0
FastWAM-Joint,joint_n1_k4,80,96,126,0.729267897299,0.121140556977,1
FastWAM-Joint,joint_n1_k4,81,97,127,0.748818478006,0.0889711618237,0
FastWAM-Joint,joint_n1_k4,82,98,128,0.773522484217,0.0783083648507,0
FastWAM-Joint,joint_n1_k4,83,99,129,0.82715039383,0.0639821953202,0
FastWAM-Joint,joint_n1_k4,84,100,130,0.813229439197,0.138350684845,1
FastWAM-Joint,joint_n1_k4,85,101,131,0.824495219381,0.0610870144376,0
FastWAM-Joint,joint_n1_k4,86,102,132,0.799609172219,0.0527203753117,0
FastWAM-Joint,joint_n1_k4,87,103,133,0.799313511057,0.0152098825615,0
FastWAM-Joint,joint_n1_k4,88,104,134,0.745113217627,0.109634153529,1
FastWAM-Joint,joint_n1_k4,89,105,135,0.708066681085,0.041472476566,0
FastWAM-Joint,joint_n1_k4,90,106,136,0.65488555059,0.0578161114158,0
FastWAM-Joint,joint_n1_k4,91,107,137,0.62797428685,0.030031528877,0
FastWAM-Joint,joint_n1_k4,92,108,138,0.587263454495,0.0977858557751,1
FastWAM-Joint,joint_n1_k4,93,109,139,0.517200836179,0.0708217658678,0
FastWAM-Joint,joint_n1_k4,94,110,140,0.426428391123,0.0918863237544,0
FastWAM-Joint,joint_n1_k4,95,111,141,0.370814539889,0.0574452366728,0
Ours,ours_n1_k4,0,20,50,0.873465329533,0.0660766951822,1
Ours,ours_n1_k4,1,21,51,0.825007937169,0.0657269679571,0
Ours,ours_n1_k4,2,22,52,0.765128876896,0.0795034154342,0
Ours,ours_n1_k4,3,23,53,0.706628859592,0.0799253213922,0
Ours,ours_n1_k4,4,24,54,0.648329060995,0.0953478924703,1
Ours,ours_n1_k4,5,25,55,0.580502089307,0.125617512382,0
Ours,ours_n1_k4,6,26,56,0.538454583488,0.149531161364,0
Ours,ours_n1_k4,7,27,57,0.544480164434,0.1330037842,0
Ours,ours_n1_k4,8,28,58,0.569973671894,0.126925255191,1
Ours,ours_n1_k4,9,29,59,0.60090626009,0.109348006642,0
Ours,ours_n1_k4,10,30,60,0.635014351815,0.0964535258969,0
Ours,ours_n1_k4,11,31,61,0.666806896813,0.0709049873426,0
Ours,ours_n1_k4,12,32,62,0.695814010217,0.0334042034372,1
Ours,ours_n1_k4,13,33,63,0.706844564372,0.0164683620442,0
Ours,ours_n1_k4,14,34,64,0.711242134368,0.0251395206369,0
Ours,ours_n1_k4,15,35,65,0.706139836365,0.0324463716497,0
Ours,ours_n1_k4,16,36,66,0.693179303761,0.0670838564085,1
Ours,ours_n1_k4,17,37,67,0.693146047197,0.0764067624107,0
Ours,ours_n1_k4,18,38,68,0.692853351531,0.0553118089819,0
Ours,ours_n1_k4,19,39,69,0.68134176725,0.0330225007361,0
Ours,ours_n1_k4,20,40,70,0.649972779205,0.0381457523806,1
Ours,ours_n1_k4,21,41,71,0.612689784639,0.0394447257479,0
Ours,ours_n1_k4,22,42,72,0.556209772738,0.0609788919258,0
Ours,ours_n1_k4,23,43,73,0.489292589933,0.0675507871564,0
Ours,ours_n1_k4,24,44,74,0.382650969779,0.107612440808,1
Ours,ours_n1_k4,25,45,75,0.289024001199,0.0950253737811,0
Ours,ours_n1_k4,26,46,76,0.190306387067,0.0995906889408,0
Ours,ours_n1_k4,27,47,77,0.130063691288,0.0634048060716,0
Ours,ours_n1_k4,28,48,78,0.0616130134075,0.07674199429,1
Ours,ours_n1_k4,29,49,79,0.0377481562519,0.053767257232,0
Ours,ours_n1_k4,30,50,80,0.0840741201311,0.0645625255897,0
Ours,ours_n1_k4,31,51,81,0.187614413505,0.105707724847,0
Ours,ours_n1_k4,32,52,82,0.368834793135,0.182010988646,1
Ours,ours_n1_k4,33,53,83,0.533529401495,0.167774004876,0
Ours,ours_n1_k4,34,54,84,0.71609348002,0.184455981705,0
Ours,ours_n1_k4,35,55,85,0.857848572462,0.143203958636,0
Ours,ours_n1_k4,36,56,86,0.917786421015,0.0656200662859,1
Ours,ours_n1_k4,37,57,87,0.940944720233,0.0327453072055,0
Ours,ours_n1_k4,38,58,88,0.945889898138,0.0187627199616,0
Ours,ours_n1_k4,39,59,89,0.939343932812,0.0245149435528,0
Ours,ours_n1_k4,40,60,90,0.915939176766,0.0584003067416,1
Ours,ours_n1_k4,41,61,91,0.903977840682,0.0668334946649,0
Ours,ours_n1_k4,42,62,92,0.869551438427,0.081626153338,0
Ours,ours_n1_k4,43,63,93,0.819944025946,0.101454291252,0
Ours,ours_n1_k4,44,64,94,0.739972608344,0.135773237403,1
Ours,ours_n1_k4,45,65,95,0.686645488739,0.114773632909,0
Ours,ours_n1_k4,46,66,96,0.661852145385,0.108943932192,0
Ours,ours_n1_k4,47,67,97,0.659200581988,0.0880116309977,0
Ours,ours_n1_k4,48,68,98,0.676058491552,0.0609058606142,1
Ours,ours_n1_k4,49,69,99,0.689906739221,0.0480461082413,0
Ours,ours_n1_k4,50,70,100,0.706751475708,0.0393143921117,0
Ours,ours_n1_k4,51,71,101,0.735140462097,0.0401581705426,0
Ours,ours_n1_k4,52,72,102,0.762097130099,0.0298635983713,1
Ours,ours_n1_k4,53,73,103,0.78249093499,0.0286751582581,0
Ours,ours_n1_k4,54,74,104,0.789421453681,0.0178996720589,0
Ours,ours_n1_k4,55,75,105,0.79605188527,0.0183619731411,0
Ours,ours_n1_k4,56,76,106,0.81197514735,0.019805884778,1
Ours,ours_n1_k4,57,77,107,0.808053313697,0.0168814902972,0
Ours,ours_n1_k4,58,78,108,0.823137941619,0.0226488956485,0
Ours,ours_n1_k4,59,79,109,0.81953550738,0.0204718133423,0
Ours,ours_n1_k4,60,80,110,0.825470588371,0.0126859101287,1
Ours,ours_n1_k4,61,81,111,0.82542286142,0.0233414662609,0
Ours,ours_n1_k4,62,82,112,0.822733074496,0.020162398255,0
Ours,ours_n1_k4,63,83,113,0.825009462541,0.0125864200437,0
Ours,ours_n1_k4,64,84,114,0.824547698981,0.00825245147063,1
Ours,ours_n1_k4,65,85,115,0.831024972256,0.0131482602412,0
Ours,ours_n1_k4,66,86,116,0.83386393397,0.0108712779678,0
Ours,ours_n1_k4,67,87,117,0.82950614402,0.0126549132576,0
Ours,ours_n1_k4,68,88,118,0.830136437186,0.0089527610921,1
Ours,ours_n1_k4,69,89,119,0.826088739956,0.00657413022599,0
Ours,ours_n1_k4,70,90,120,0.818185629126,0.0115986868816,0
Ours,ours_n1_k4,71,91,121,0.814535824904,0.00568069845039,0
Ours,ours_n1_k4,72,92,122,0.80029914891,0.0232334785574,1
Ours,ours_n1_k4,73,93,123,0.799047114623,0.0294822534069,0
Ours,ours_n1_k4,74,94,124,0.774856874104,0.0576491472387,0
Ours,ours_n1_k4,75,95,125,0.747337373616,0.0674467774768,0
Ours,ours_n1_k4,76,96,126,0.703005717418,0.136564786713,1
Ours,ours_n1_k4,77,97,127,0.671496025143,0.130342930527,0
Ours,ours_n1_k4,78,98,128,0.665298021932,0.108685814449,0
Ours,ours_n1_k4,79,99,129,0.663142650387,0.107612463905,0
Ours,ours_n1_k4,80,100,130,0.666000640763,0.114099833506,1
Ours,ours_n1_k4,81,101,131,0.676559207549,0.0961260306423,0
Ours,ours_n1_k4,82,102,132,0.696195729138,0.0945079200968,0
Ours,ours_n1_k4,83,103,133,0.711988311613,0.0779650959084,0
Ours,ours_n1_k4,84,104,134,0.740027548389,0.0849074430248,1
Ours,ours_n1_k4,85,105,135,0.75970409252,0.058121563647,0
Ours,ours_n1_k4,86,106,136,0.766791802269,0.0329716958739,0
Ours,ours_n1_k4,87,107,137,0.749366759359,0.0207816636657,0
Ours,ours_n1_k4,88,108,138,0.745264502295,0.00760494049592,1
Ours,ours_n1_k4,89,109,139,0.707292660372,0.0416942048643,0
Ours,ours_n1_k4,90,110,140,0.67730456765,0.0300454817094,0
Ours,ours_n1_k4,91,111,141,0.636422500873,0.0409845506886,0
Ours,ours_n1_k4,92,112,142,0.597013630943,0.0401998810934,1
Ours,ours_n1_k4,93,113,143,0.496637901302,0.10138816939,0
Ours,ours_n1_k4,94,114,144,0.352149681662,0.158301532244,0
Ours,ours_n1_k4,95,115,145,0.216382795103,0.138184727786,0
